AO,area,lat_c,lon_c,fiers2017,fiers2016,deaths2017,deaths2016,injuries2017,injuries2016,saved2017,saved2016,evacuated2017,evacuated2016,damage2017,damage2016,zagoraniya2017,zagoraniya2016,fiers2017_100k,fiers2016_100k,deaths2017_100k,deaths2016_100k,injuries2017_100k,injuries2016_100k,population2017,population2016
Центральный АО,Арбат,55.7510662,37.5744204,36.0,35.0,1.0,,3.0,,4.0,11.0,30.0,10.0,6786137.0,199445.0,3.0,2.0,104.66,102.9,8.72,,197.29,5.86,34396.0,34012.0
Центральный АО,Басманный,55.7665425,37.6352491,80.0,83.0,2.0,1.0,7.0,9.0,4.0,3.0,112.0,60.0,63200.0,844775.0,36.0,28.0,72.67,75.43,6.36,8.18,0.57,7.68,110083.0,110042.0
Центральный АО,Замоскворечье,55.7349743,37.6168854,35.0,74.0,,,1.0,1.0,1.0,16.0,16.0,31.0,6501200.0,10119361.0,,1.0,60.48,128.2,1.73,1.73,112.34,175.31,57871.0,57722.0
Центральный АО,Красносельский,55.7765182,37.640349,36.0,34.0,,,3.0,3.0,5.0,3.0,72.0,51.0,,515033.0,14.0,11.0,74.27,70.36,6.19,6.21,,10.66,48474.0,48324.0
Центральный АО,Мещанский,55.7782312,37.611418,23.0,40.0,,,1.0,5.0,4.0,9.0,,15.0,18474.0,206091.0,15.0,14.0,38.26,66.65,1.66,8.33,0.31,3.43,60121.0,60014.0
Центральный АО,Пресненский,55.760243,37.5266734,96.0,121.0,1.0,2.0,6.0,9.0,14.0,17.0,75.0,41.0,46253330.0,11537098.0,15.0,19.0,76.08,95.95,4.76,7.14,366.57,91.49,126178.0,126107.0
Центральный АО,Таганский,55.7407456,37.6554001,61.0,54.0,,1.0,7.0,2.0,14.0,2.0,355.0,130.0,188484.0,401615.0,14.0,26.0,50.84,45.05,5.83,1.67,1.57,3.35,119989.0,119862.0
Центральный АО,Тверской,55.7697969,37.5697909,59.0,92.0,,1.0,10.0,3.0,27.0,10.0,89.0,1019.0,1353660.0,13829863.0,8.0,6.0,76.39,119.29,12.95,3.89,17.53,179.32,77234.0,77123.0
Центральный АО,Хамовники,55.7305435,37.5412224,73.0,62.0,1.0,,3.0,3.0,10.0,12.0,3000.0,,9896124.0,889011.0,27.0,33.0,67.7,57.58,2.78,2.79,91.78,8.26,107821.0,107676.0
Центральный АО,Якиманка,55.7302647,37.5841625,24.0,40.0,,,,1.0,,15.0,100.0,25.0,41813359.0,8491600.0,1.0,,87.39,146.0,,3.65,1522.53,309.94,27463.0,27398.0
Северо-Восточный АО,Алексеевский,55.8112545,37.6174191,30.0,31.0,3.0,1.0,3.0,3.0,1.0,11.0,9.0,5.0,5650000.0,4000.0,41.0,23.0,37.34,38.59,3.73,3.73,70.33,0.05,80339.0,80327.0
Северо-Восточный АО,Алтуфьевский,55.8790002,37.569239,29.0,31.0,2.0,1.0,2.0,3.0,31.0,13.0,,,1100.0,1200.0,9.0,7.0,50.67,54.2,3.49,5.25,0.02,0.02,57228.0,57194.0
Северо-Восточный АО,Бабушкинский,55.8669643,37.6446784,38.0,35.0,,1.0,7.0,1.0,5.0,,9.0,3.0,3200.0,5100.0,35.0,42.0,43.11,39.67,7.94,1.13,0.04,0.06,88152.0,88217.0
Северо-Восточный АО,Бибирево,55.8958672,37.598309,78.0,79.0,3.0,,2.0,1.0,11.0,6.0,16.0,5.0,3600.0,219070.0,7.0,18.0,48.81,49.4,1.25,0.63,0.02,1.37,159811.0,159903.0
Северо-Восточный АО,Бутырский,55.813706,37.5581374,37.0,36.0,,,3.0,3.0,3.0,8.0,12.0,180.0,10978879.0,97224.0,21.0,15.0,52.19,50.91,4.23,4.24,154.86,1.37,70896.0,70712.0
Северо-Восточный АО,Лианозово,55.8996908,37.5455561,42.0,46.0,,,1.0,2.0,2.0,5.0,,,2400.0,2400.0,4.0,11.0,49.36,54.18,1.18,2.36,0.03,0.03,85097.0,84896.0
Северо-Восточный АО,Лосиноостровский,55.8786945,37.6796597,39.0,31.0,3.0,1.0,16.0,6.0,50.0,4.0,4.0,6.0,2900.0,5600.0,11.0,16.0,47.09,37.38,19.32,7.23,0.04,0.07,82821.0,82941.0
Северо-Восточный АО,Марфино,55.8329033,37.5708415,22.0,24.0,2.0,3.0,,2.0,7.0,3.0,10.0,20.0,3500.0,814273.0,17.0,11.0,65.4,72.71,,6.06,0.1,24.67,33640.0,33009.0
Северо-Восточный АО,Марьина Роща,55.7966733,37.593924,21.0,24.0,,,,1.0,,,,,,,,,31.23,35.66,,1.49,0.02,0.06,67234.0,67295.0
Северо-Восточный АО,Останкинский,55.828274,37.5797836,24.0,25.0,,,2.0,2.0,18.0,1.0,157.0,,3000000.0,2901594.0,37.0,37.0,38.05,39.67,3.17,3.17,47.56,46.04,63075.0,63023.0
Северо-Восточный АО,Отрадное,55.8635117,37.5851094,100.0,104.0,1.0,17.0,7.0,7.0,26.0,44.0,40.0,6.0,4604200.0,4400.0,29.0,32.0,54.37,56.58,3.81,3.81,25.03,0.02,183921.0,183805.0
Северо-Восточный АО,Ростокино,55.8352148,37.6337045,19.0,19.0,,1.0,2.0,1.0,6.0,,56.0,180.0,210106.0,500.0,4.0,4.0,48.45,48.72,5.1,2.56,5.36,0.01,39217.0,38995.0
Северо-Восточный АО,Свиблово,55.8531767,37.6306035,22.0,33.0,,,7.0,1.0,9.0,7.0,,10.0,1500.0,3900.0,10.0,10.0,35.59,53.13,11.32,1.61,0.02,0.06,61821.0,62115.0
Северо-Восточный АО,Северное Медведково,55.8875293,37.6347194,53.0,66.0,,,1.0,3.0,34.0,,10.0,5.0,9600.0,10800.0,15.0,16.0,41.83,52.12,0.79,2.37,0.08,0.09,126694.0,126637.0
Северо-Восточный АО,Северный,55.932066,37.5143902,29.0,30.0,1.0,,17.0,2.0,4.0,,3006.0,,335613889.0,1000.0,24.0,16.0,87.62,91.53,51.37,6.1,10140.62,0.03,33096.0,32776.0
Северо-Восточный АО,Южное Медведково,55.8736383,37.6185945,35.0,29.0,,1.0,4.0,1.0,12.0,6.0,30.0,,1560100.0,4500.0,21.0,18.0,41.17,34.15,4.71,1.18,18.35,0.05,85007.0,84923.0
Северо-Восточный АО,Ярославский,55.862362,37.6634776,43.0,46.0,5.0,,8.0,4.0,24.0,5.0,25.0,,3705400.0,3600.0,18.0,20.0,44.22,47.44,8.23,4.12,38.11,0.04,97234.0,96971.0
Восточный АО,Богородское,55.8201965,37.6727057,50.0,47.0,,,5.0,2.0,,1.0,,,330250.0,8719378.0,80.0,93.0,46.43,43.67,4.64,1.86,3.07,81.01,107697.0,107629.0
Восточный АО,Вешняки,55.7296347,37.7724354,32.0,23.0,1.0,1.0,6.0,2.0,40.0,5.0,,10.0,10805000.0,16505297.0,26.0,31.0,26.21,18.83,4.92,1.64,88.51,135.15,122073.0,122124.0
Восточный АО,Восточное Измайлово,55.7956105,37.8029931,23.0,27.0,,1.0,3.0,6.0,5.0,8.0,339.0,,880000.0,2150000.0,5.0,15.0,29.52,34.63,3.85,7.7,11.29,27.58,77913.0,77969.0
Восточный АО,Восточный,55.9081192,37.7037655,6.0,5.0,,1.0,2.0,1.0,,,1.0,,,,7.0,11.0,44.26,37.42,14.75,7.48,,,13557.0,13363.0
Восточный АО,Гольяново,55.8291078,37.7595033,52.0,66.0,1.0,12.0,2.0,4.0,15.0,26.0,,,1815000.0,1358000.0,72.0,89.0,32.12,40.73,1.24,2.47,11.21,8.38,161906.0,162030.0
Восточный АО,Ивановское,55.7681105,37.7877453,33.0,45.0,,1.0,3.0,1.0,18.0,16.0,275.0,25.0,,,35.0,25.0,25.91,35.35,2.36,0.79,,,127379.0,127294.0
Восточный АО,Измайлово,55.7814355,37.7386904,33.0,47.0,2.0,,8.0,11.0,13.0,14.0,10.0,2.0,1338151.0,1204785.0,11.0,19.0,31.09,44.36,7.54,10.38,12.61,11.37,106154.0,105957.0
Восточный АО,Косино-Ухтомский,55.7142525,37.8553119,28.0,29.0,1.0,,1.0,4.0,1.0,2.0,,9.0,670000.0,734285.0,57.0,63.0,34.66,36.01,1.24,4.97,8.29,9.12,80794.0,80543.0
Восточный АО,Метрогородок,55.8448975,37.6928148,17.0,18.0,1.0,,3.0,1.0,10.0,,,,100000.0,2354145.0,15.0,10.0,44.77,47.64,7.9,2.65,2.63,62.3,37972.0,37785.0
Восточный АО,Новогиреево,55.7480392,37.7831745,24.0,27.0,,1.0,6.0,4.0,16.0,12.0,4.0,5.0,150000.0,500000.0,18.0,19.0,24.63,27.75,6.16,4.11,1.54,5.14,97428.0,97306.0
Восточный АО,Новокосино,55.7400383,37.847779,14.0,24.0,1.0,,,4.0,9.0,6.0,5.0,7.0,1500000.0,,14.0,34.0,13.09,22.46,,3.74,14.03,,106931.0,106847.0
Восточный АО,Перово,55.7513964,37.7288449,41.0,47.0,,,6.0,4.0,10.0,6.0,,15.0,19155518.0,6005000.0,31.0,24.0,29.14,33.35,4.26,2.84,136.13,42.61,140714.0,140923.0
Восточный АО,Преображенское,55.7964823,37.7045655,26.0,39.0,3.0,1.0,4.0,1.0,7.0,2.0,2.0,,200000.0,120000.0,61.0,56.0,29.34,44.18,4.51,1.13,2.26,1.36,88627.0,88266.0
Восточный АО,Северное Измайлово,55.8087249,37.7623243,43.0,43.0,1.0,1.0,4.0,5.0,19.0,11.0,,17.0,966480.0,412720.0,16.0,25.0,49.29,49.32,4.58,5.73,11.08,4.73,87247.0,87193.0
Восточный АО,Соколиная Гора,55.7732299,37.6923343,48.0,42.0,1.0,1.0,6.0,3.0,2.0,8.0,20.0,,31096814.0,5808276.0,63.0,49.0,53.35,46.75,6.67,3.34,345.63,64.64,89972.0,89849.0
Восточный АО,Сокольники,55.8033065,37.642338,29.0,23.0,3.0,14.0,1.0,3.0,4.0,11.0,,23.0,,62116800.0,35.0,49.0,47.67,37.88,1.64,4.94,,1022.95,60834.0,60723.0
Юго-Восточный АО,Выхино-Жулебино,55.6984775,37.7907594,57.0,84.0,1.0,,5.0,8.0,26.0,27.0,200.0,335.0,,182512.0,86.0,83.0,25.4,37.47,2.23,3.57,,0.81,224366.0,224172.0
Юго-Восточный АО,Капотня,55.6408751,37.795004,17.0,15.0,,,5.0,,5.0,,,,40997.0,11407.0,14.0,27.0,52.61,46.46,15.47,,1.27,0.35,32315.0,32287.0
Юго-Восточный АО,Кузьминки,55.6990092,37.757403,42.0,43.0,2.0,1.0,2.0,10.0,10.0,21.0,466.0,369.0,3792646.0,9015839.0,57.0,55.0,28.92,29.62,1.38,6.89,26.12,62.11,145227.0,145167.0
Юго-Восточный АО,Лефортово,55.754555,37.6678824,35.0,37.0,1.0,1.0,3.0,11.0,8.0,17.0,30.0,53.0,,245164.0,49.0,56.0,37.51,39.68,3.22,11.8,,2.63,93311.0,93257.0
Юго-Восточный АО,Люблино,55.674418,37.7415304,81.0,90.0,1.0,4.0,5.0,11.0,38.0,10.0,,135.0,311961.0,672780.0,118.0,128.0,47.16,52.46,2.91,6.41,1.82,3.92,171740.0,171548.0
Юго-Восточный АО,Марьино,55.654467,37.7050294,72.0,98.0,,1.0,3.0,13.0,8.0,39.0,587.0,12.0,144162.0,193919.0,68.0,127.0,28.5,38.82,1.19,5.15,0.57,0.77,252597.0,252437.0
Юго-Восточный АО,Некрасовка,55.6982644,37.9018244,18.0,18.0,,1.0,5.0,2.0,2.0,1.0,,6.0,700000.0,11407.0,61.0,61.0,38.31,41.27,10.64,4.59,14.9,0.26,46989.0,43619.0
Юго-Восточный АО,Нижегородский,55.7331395,37.6888364,28.0,29.0,3.0,,3.0,2.0,4.0,8.0,4.0,10.0,3265639.0,,24.0,44.0,62.01,64.29,6.64,4.43,72.32,,45153.0,45106.0
Юго-Восточный АО,Печатники,55.6825925,37.66779,55.0,39.0,1.0,1.0,,5.0,1.0,24.0,1.0,5.0,102342.0,11407.0,55.0,56.0,63.66,45.17,,5.79,1.18,0.13,86395.0,86343.0
Юго-Восточный АО,Рязанский,55.7210752,37.7502465,47.0,42.0,,2.0,5.0,3.0,28.0,16.0,,37.0,4250000.0,194919.0,41.0,95.0,43.3,38.79,4.61,2.77,39.16,1.8,108542.0,108262.0
Юго-Восточный АО,Текстильщики,55.7070712,37.7111496,29.0,29.0,,,8.0,3.0,33.0,5.0,1.0,,2160000.0,217884.0,54.0,36.0,27.71,27.75,7.64,2.87,20.64,2.08,104653.0,104516.0
Юго-Восточный АО,Южнопортовый,55.7146477,37.6625086,33.0,54.0,,1.0,1.0,12.0,,31.0,28.0,,3091075.0,254165.0,27.0,63.0,44.54,73.02,1.35,16.23,41.72,3.44,74097.0,73954.0
,Бирюлёво Восточное,55.5967465,37.646464,52.0,54.0,1.0,4.0,7.0,6.0,6.0,11.0,,5.0,105000.0,105350.0,72.0,67.0,34.11,35.54,4.59,3.95,0.69,0.69,152450.0,151946.0
Южный АО,Бирюлёво Западное,55.5911595,37.6033667,29.0,31.0,,,1.0,,2.0,3.0,700.0,1.0,5100.0,5545874.0,20.0,30.0,32.89,35.12,1.13,,0.06,62.84,88164.0,88257.0
Южный АО,Братеево,55.6328907,37.7428845,20.0,25.0,,,,2.0,,8.0,22.0,,160000.0,841500.0,46.0,46.0,18.46,23.16,,1.85,1.48,7.79,108366.0,107965.0
Южный АО,Даниловский,55.7070889,37.6015638,55.0,59.0,1.0,3.0,5.0,2.0,4.0,1.0,,100.0,1502000.0,344332738.0,52.0,33.0,58.95,63.28,5.36,2.15,16.1,3693.01,93296.0,93239.0
Южный АО,Донской,55.7055056,37.5877709,27.0,25.0,,,3.0,,3.0,,20.0,,7621598.0,15672250.0,15.0,33.0,52.22,48.41,5.8,,147.42,303.47,51701.0,51643.0
Южный АО,Зябликово,55.6210802,37.7334159,27.0,39.0,5.0,,5.0,7.0,17.0,2.0,24.0,260.0,50000.0,402775.0,39.0,31.0,20.3,29.35,3.76,5.27,0.38,3.03,132993.0,132899.0
Южный АО,"Москворечье-
Сабурово",55.643324,37.6405423,27.0,21.0,1.0,,1.0,2.0,2.0,4.0,2.0,25.0,2117000.0,,24.0,35.0,33.6,26.17,1.24,2.49,26.35,,80346.0,80231.0
Южный АО,Нагатино-Садовники,55.671145,37.6081213,36.0,44.0,3.0,1.0,7.0,9.0,,8.0,100.0,2.0,5233645.0,1520735.0,38.0,78.0,43.87,54.05,8.53,11.06,63.78,18.68,82064.0,81400.0
Южный АО,Нагатинский Затон,55.67326,37.6474543,28.0,33.0,,,1.0,10.0,5.0,2.0,,6.0,3200000.0,1185000.0,16.0,19.0,23.47,27.72,0.84,8.4,26.82,9.95,119317.0,119053.0
Южный АО,Нагорный,55.6658574,37.5798958,27.0,26.0,1.0,1.0,4.0,3.0,1.0,9.0,,,73806991.0,8872749.0,25.0,29.0,33.34,32.22,4.94,3.72,911.41,109.94,80981.0,80707.0
Южный АО,"Орехово-Борисово
Северное",55.6212042,37.6830655,29.0,31.0,,,4.0,3.0,12.0,,1.0,,270304.0,,20.0,25.0,21.99,23.49,3.03,2.27,2.05,,131891.0,131982.0
Южный АО,"Орехово-Борисово
Южное",55.6034397,37.7043788,38.0,43.0,,2.0,3.0,6.0,8.0,6.0,790.0,1.0,1600000.0,2582000.0,63.0,99.0,25.73,29.08,2.03,4.06,10.83,17.46,147684.0,147867.0
Южный АО,Царицыно,55.6259957,37.6381936,52.0,43.0,,,10.0,1.0,16.0,10.0,4.0,1.0,5660000.0,103110457.0,27.0,50.0,40.53,33.49,7.79,0.78,44.11,803.02,128303.0,128404.0
Южный АО,Чертаново Северное,55.6310252,37.5910322,20.0,30.0,,1.0,1.0,8.0,6.0,18.0,5.0,7.0,1695743.0,2003812.0,39.0,42.0,17.48,26.24,0.87,7.0,14.82,17.53,114388.0,114315.0
Южный АО,Чертаново Центральное,55.6138227,37.5898651,44.0,32.0,1.0,2.0,5.0,4.0,14.0,10.0,15.0,153.0,2339246.0,357166.0,32.0,40.0,37.74,27.46,4.29,3.43,20.07,3.06,116575.0,116536.0
Южный АО,Чертаново Южное,55.588764,37.5684554,44.0,64.0,,,6.0,4.0,3.0,3.0,23.0,5.0,787062.0,73461.0,37.0,48.0,29.68,43.27,4.05,2.7,5.31,0.5,148270.0,147907.0
Юго-Западный АО,Академический,55.6897912,37.5418312,35.0,30.0,,,2.0,,16.0,,35.0,,2150000.0,1432046.0,22.0,23.0,32.07,27.51,1.83,,19.7,13.13,109127.0,109063.0
Юго-Западный АО,Гагаринский,55.6977238,37.541548,28.0,22.0,,,3.0,1.0,3.0,15.0,,63.0,200400.0,595533.0,19.0,16.0,35.51,27.86,3.81,1.27,2.54,7.54,78840.0,78973.0
Юго-Западный АО,Зюзино,55.6541252,37.5708871,43.0,41.0,,1.0,8.0,6.0,9.0,7.0,478.0,8.0,105860.0,1265280.0,14.0,22.0,34.03,32.46,6.33,4.75,0.84,10.02,126365.0,126296.0
Юго-Западный АО,Коньково,55.6415067,37.5140593,38.0,42.0,,2.0,9.0,5.0,8.0,16.0,700.0,6.0,1001000.0,32001.0,31.0,36.0,24.36,26.9,5.77,3.2,6.42,0.2,155966.0,156148.0
Юго-Западный АО,Котловка,55.6782437,37.578646,15.0,30.0,,,1.0,1.0,,1.0,,2.0,1677400.0,1933450.0,20.0,19.0,22.8,45.57,1.52,1.52,25.5,29.37,65793.0,65831.0
Юго-Западный АО,Ломоносовский,55.6792722,37.5158521,16.0,24.0,1.0,1.0,2.0,6.0,11.0,10.0,9.0,45.0,1400200.0,1801200.0,19.0,12.0,18.26,27.41,2.28,6.85,15.98,20.57,87621.0,87573.0
Юго-Западный АО,Обручевский,55.6583045,37.4841739,21.0,28.0,1.0,1.0,10.0,2.0,27.0,5.0,51.0,,150400.0,1459354.0,26.0,20.0,24.92,33.28,11.87,2.38,1.79,17.35,84257.0,84122.0
Юго-Западный АО,Северное Бутово,55.5686227,37.5530819,19.0,27.0,,2.0,4.0,1.0,9.0,18.0,,30.0,659510.0,791736.0,26.0,36.0,19.99,28.48,4.21,1.05,6.94,8.35,95065.0,94787.0
Юго-Западный АО,Тёплый Стан,55.6301305,37.4527735,37.0,47.0,,2.0,2.0,7.0,14.0,19.0,2.0,,4601400.0,4605742.0,36.0,28.0,27.63,35.11,1.49,5.23,34.36,34.41,133905.0,133857.0
Юго-Западный АО,Черёмушки,55.6659968,37.5445885,31.0,33.0,,,7.0,1.0,23.0,1.0,15.0,,209346.0,1174379.0,26.0,12.0,28.79,30.69,6.5,0.93,1.94,10.92,107685.0,107542.0
Юго-Западный АО,Южное Бутово,55.5253385,37.505103,61.0,89.0,1.0,,7.0,6.0,13.0,8.0,1.0,20.0,30632049.0,869041.0,137.0,141.0,29.75,43.58,3.41,2.94,149.38,4.26,205064.0,204226.0
Юго-Западный АО,Ясенево,55.615326,37.506847,58.0,84.0,,2.0,5.0,8.0,6.0,32.0,1.0,18.0,7669100.0,983388.0,79.0,77.0,32.66,47.24,2.82,4.5,43.18,5.53,177596.0,177809.0
Западный АО,Внуково,55.599648,37.2690401,21.0,18.0,,1.0,3.0,3.0,,3.0,60.0,,,600000.0,11.0,20.0,85.12,73.61,12.16,12.27,,24.54,24671.0,24453.0
Западный АО,Дорогомилово,55.738417,37.496594,42.0,32.0,,2.0,6.0,2.0,4.0,10.0,,500.0,800000.0,379804.0,25.0,38.0,57.63,44.47,8.23,2.78,10.98,5.28,72873.0,71964.0
Западный АО,Крылатское,55.7612055,37.3793878,25.0,21.0,,,3.0,1.0,1.0,,,,,,26.0,33.0,30.41,25.6,3.65,1.22,,,82198.0,82046.0
Западный АО,Кунцево,55.7698215,37.3129346,59.0,72.0,2.0,2.0,7.0,12.0,46.0,20.0,,36.0,5677790.0,18568598.0,31.0,56.0,39.2,47.94,4.65,7.99,37.72,123.63,150513.0,150189.0
Западный АО,Можайский,55.714543,37.3806739,66.0,68.0,1.0,1.0,4.0,7.0,10.0,22.0,,4.0,,674457.0,38.0,58.0,48.15,49.69,2.92,5.12,,4.93,137077.0,136836.0
Западный АО,Ново-Переделкино,55.646004,37.3229588,25.0,43.0,6.0,2.0,7.0,6.0,28.0,7.0,30.0,12.0,3391169.0,1000.0,75.0,67.0,20.66,35.61,5.78,4.97,28.02,0.01,121024.0,120737.0
Западный АО,Очаково-Матвеевское,55.6918259,37.4103994,62.0,79.0,1.0,1.0,4.0,2.0,11.0,24.0,3.0,25.0,10711576.0,300.0,47.0,51.0,48.46,62.53,3.13,1.58,83.72,0.0,127942.0,126347.0
Западный АО,Проспект Вернадского,55.6757642,37.4811881,34.0,31.0,7.0,3.0,1.0,2.0,3.0,16.0,666.0,,,,13.0,11.0,53.57,48.86,1.58,3.15,,,63474.0,63452.0
Западный АО,Раменки,55.7081565,37.4775554,58.0,57.0,,1.0,5.0,1.0,27.0,8.0,141.0,,,3888666.0,63.0,79.0,42.31,41.78,3.65,0.73,,28.5,137093.0,136421.0
Западный АО,Солнцево,55.6544479,37.3644723,58.0,46.0,,,14.0,3.0,21.0,32.0,4.0,,1432568.0,785726.0,28.0,16.0,47.01,37.58,11.35,2.45,11.61,6.42,123371.0,122410.0
Западный АО,Тропарёво-Никулино,55.6607516,37.4327745,36.0,47.0,,,3.0,1.0,23.0,2.0,50.0,600.0,114854.0,230410.0,27.0,24.0,29.57,38.73,2.46,0.82,0.94,1.9,121754.0,121346.0
Западный АО,Филёвский Парк,55.7508049,37.4393969,32.0,33.0,,3.0,,4.0,7.0,10.0,150.0,,3000000.0,,25.0,20.0,34.72,35.88,,4.35,32.55,,92168.0,91974.0
Западный АО,Фили-Давыдково,55.7266503,37.4506405,29.0,47.0,2.0,1.0,1.0,1.0,11.0,11.0,1.0,,156972.0,,34.0,33.0,25.31,41.04,0.87,0.87,1.37,,114573.0,114526.0
Северо-Западный АО,Куркино,55.8923911,37.3599124,9.0,8.0,,,,,,,,,,10730830.0,20.0,21.0,27.84,25.12,,,,336.96,32325.0,31846.0
Северо-Западный АО,Митино,55.8449935,37.3292397,54.0,60.0,,,5.0,5.0,,6.0,,35.0,4902300.0,3120564.0,75.0,121.0,28.62,31.86,2.65,2.65,25.98,16.57,188671.0,188342.0
Северо-Западный АО,"Покровское-
Стрешнево",55.824618,37.4073804,20.0,21.0,1.0,,,4.0,,,101.0,,300.0,155569.0,52.0,63.0,34.96,36.87,,7.02,0.01,2.73,57216.0,56964.0
Северо-Западный АО,Северное Тушино,55.8642366,37.4097081,55.0,63.0,1.0,2.0,7.0,7.0,9.0,6.0,18.0,23.0,2650075.0,19752489.0,68.0,103.0,33.38,38.29,4.25,4.25,16.08,120.04,164770.0,164549.0
Северо-Западный АО,Строгино,55.800331,37.3717219,49.0,58.0,,,4.0,,27.0,,169.0,,1303122.0,15166917.0,113.0,152.0,30.79,36.52,2.51,,8.19,95.51,159168.0,158802.0
Северо-Западный АО,Хорошёво-Мнёвники,55.7681084,37.4265638,78.0,77.0,3.0,2.0,8.0,9.0,7.0,7.0,3.0,,9739528.0,2299990.0,130.0,85.0,45.64,45.1,4.68,5.27,56.99,13.47,170913.0,170724.0
Северо-Западный АО,Щукино,55.8016953,37.4568466,36.0,39.0,1.0,1.0,,4.0,2.0,,24.0,,900300.0,1100.0,68.0,69.0,32.93,35.73,,3.66,8.24,0.01,109321.0,109147.0
Северо-Западный АО,Южное Тушино,55.8424555,37.3957604,51.0,59.0,,,4.0,11.0,4.0,7.0,6.0,9.0,2400.0,745411.0,51.0,107.0,47.09,54.6,3.69,10.18,0.02,6.9,108312.0,108049.0
Северный АО,Аэропорт,55.8006863,37.5244816,26.0,18.0,,,1.0,2.0,1.0,24.0,5.0,290.0,,,15.0,11.0,32.97,22.8,1.27,2.53,,,78867.0,78943.0
Северный АО,Беговой,55.783344,37.547186,21.0,24.0,,,1.0,6.0,4.0,10.0,,47.0,,9099.0,36.0,7.0,49.19,56.16,2.34,14.04,,0.21,42691.0,42735.0
Северный АО,Бескудниковский,55.8639283,37.5338731,20.0,33.0,,2.0,3.0,6.0,11.0,24.0,50.0,17.0,,3870000.0,20.0,7.0,25.68,42.43,3.85,7.72,,49.76,77894.0,77768.0
Северный АО,Войковский,55.8279003,37.478873,18.0,32.0,4.0,1.0,,3.0,3.0,5.0,18.0,22.0,128370.0,,29.0,20.0,25.97,46.19,,4.33,1.85,,69311.0,69273.0
Северный АО,Восточное Дегунино,55.8753955,37.5233204,26.0,26.0,1.0,1.0,2.0,3.0,4.0,,156.0,54.0,,940268.0,23.0,7.0,26.44,26.47,2.03,3.05,,9.57,98347.0,98206.0
Северный АО,Головинский,55.8525451,37.4746788,39.0,30.0,2.0,,2.0,8.0,2.0,16.0,7.0,91.0,4470086.0,9614984.0,45.0,24.0,37.84,29.08,1.94,7.76,43.37,93.21,103064.0,103157.0
Северный АО,Дмитровский,55.8902263,37.5069489,29.0,34.0,,,2.0,10.0,2.0,21.0,30.0,87.0,,,55.0,25.0,31.35,36.79,2.16,10.82,,,92517.0,92405.0
Северный АО,Западное Дегунино,55.8706765,37.4845784,26.0,17.0,,,4.0,3.0,1.0,1.0,50.0,122.0,15021842.0,41396503.0,57.0,19.0,31.86,20.86,4.9,3.68,184.1,507.98,81597.0,81492.0
Северный АО,Коптево,55.8302883,37.5150056,29.0,27.0,2.0,1.0,1.0,4.0,,1.0,25.0,,300000.0,1575450.0,30.0,20.0,28.69,26.72,0.99,3.96,2.97,15.59,101098.0,101036.0
Северный АО,Левобережный,55.8651128,37.4489601,17.0,11.0,,,2.0,3.0,5.0,15.0,6.0,300.0,,17692946.0,12.0,9.0,31.89,20.69,3.75,5.64,,332.86,53314.0,53154.0
Северный АО,Молжаниновский,55.951136,37.3333151,14.0,13.0,1.0,2.0,3.0,1.0,,1.0,3.0,,9152.0,500000.0,13.0,13.0,194.23,223.25,41.62,17.17,1.27,85.87,7208.0,5823.0
Северный АО,Савёловский,55.7940561,37.5531095,19.0,20.0,,,5.0,,5.0,,,,,,31.0,28.0,32.15,33.71,8.46,,,,59106.0,59327.0
Северный АО,Сокол,55.8033068,37.4854991,21.0,29.0,1.0,1.0,1.0,11.0,2.0,7.0,612.0,350.0,444610.0,18198.0,54.0,14.0,35.55,49.06,1.69,18.61,7.53,0.31,59073.0,59112.0
Северный АО,Тимирязевский,55.8274235,37.5229119,29.0,35.0,2.0,1.0,3.0,1.0,1.0,18.0,1.0,,5305171.0,277867.0,78.0,24.0,34.77,42.0,3.6,1.2,63.62,3.33,83394.0,83324.0
Северный АО,Ховрино,55.8690499,37.4700018,13.0,14.0,1.0,1.0,3.0,,4.0,,30.0,,64270.0,27400.0,24.0,17.0,15.22,16.41,3.51,,0.75,0.32,85401.0,85325.0
Северный АО,Хорошёвский,55.78183,37.493981,33.0,27.0,,,,1.0,,1.0,351.0,25.0,47102.0,1023220.0,17.0,12.0,48.75,40.03,,1.48,0.7,15.17,67694.0,67448.0
Зеленоградский АО,Крюково,55.9732691,37.1463807,41.0,33.0,,1.0,7.0,4.0,17.0,10.0,,,3905268.0,35524607.0,63.0,128.0,42.87,35.01,7.32,4.24,40.83,376.87,95645.0,94263.0
Зеленоградский АО,Матушкино,56.0027668,37.1884884,19.0,20.0,1.0,,3.0,1.0,10.0,8.0,104.0,10.0,5679060.0,1979000.0,52.0,65.0,47.43,50.16,7.49,2.51,141.77,49.64,40057.0,39871.0
Зеленоградский АО,Савёлки,55.9802975,37.1823285,10.0,16.0,,1.0,1.0,5.0,1.0,24.0,,,,11177916.0,34.0,37.0,29.55,47.44,2.95,14.83,,331.45,33846.0,33724.0
Зеленоградский АО,Силино,56.0009532,37.1327089,18.0,31.0,,,2.0,3.0,3.0,8.0,,8.0,2430000.0,1283448.0,34.0,122.0,45.31,78.24,5.03,7.57,61.17,32.39,39724.0,39621.0
Зеленоградский АО,Старое Крюково,55.9802975,37.1823285,13.0,8.0,1.0,,,1.0,,,4.0,,312565.0,740000.0,22.0,34.0,42.5,26.3,,3.29,10.22,24.33,30589.0,30418.0
"Новомосковский и Троицкий АО",Внуковское,55.6229107,37.2968966,24.0,22.0,,1.0,1.0,1.0,9.0,,,,150000.0,26000.0,12.0,29.0,341.44,318.19,14.23,14.46,21.34,3.76,7029.0,6914.0
"Новомосковский и Троицкий АО",Воскресенское,55.5270627,37.4351201,21.0,15.0,,,1.0,3.0,,,,,,14000000.0,28.0,33.0,237.18,170.59,11.29,34.12,,1592.18,8854.0,8793.0
"Новомосковский и Троицкий АО",Десёновское,55.5269812,37.3121622,37.0,20.0,,1.0,2.0,5.0,3.0,,,,310000.0,,42.0,43.0,251.58,137.23,13.6,34.31,21.08,,14707.0,14574.0
"Новомосковский и Троицкий АО",Кокошкино,55.6009172,37.1485049,22.0,3.0,1.0,2.0,2.0,2.0,,,,,,,4.0,14.0,140.19,19.85,12.74,13.23,,,15693.0,15116.0
"Новомосковский и Троицкий АО",Марушкинское,-1.0,-1.0,36.0,24.0,1.0,,5.0,1.0,,1.0,,,,,11.0,23.0,523.71,352.53,72.74,14.69,,,6874.0,6808.0
"Новомосковский и Троицкий АО",Московский,55.5954872,37.3388786,38.0,33.0,1.0,,27.0,3.0,19.0,,47.0,,2500000.0,,19.0,18.0,70.51,75.41,50.1,6.86,46.39,,53891.0,43759.0
"Новомосковский и Троицкий АО",Мосрентген,55.6195777,37.4588973,25.0,14.0,,1.0,1.0,2.0,,,,,,500.0,12.0,10.0,127.74,71.91,5.11,10.27,,0.03,19571.0,19469.0
"Новомосковский и Троицкий АО",Рязановское,55.4834412,37.489431,27.0,31.0,1.0,1.0,3.0,5.0,,,,2.0,,,47.0,85.0,133.41,154.11,14.82,24.86,,,20239.0,20115.0
"Новомосковский и Троицкий АО",Сосенское,54.0552637,35.9439001,43.0,39.0,1.0,3.0,1.0,6.0,,,,,,,41.0,52.0,275.24,255.99,6.4,39.38,,,15623.0,15235.0
"Новомосковский и Троицкий АО",Филимонковское,54.0552637,35.9439001,14.0,16.0,,1.0,1.0,3.0,,,,,,12056000.0,12.0,24.0,208.21,238.88,14.87,44.79,,1799.94,6724.0,6698.0
"Новомосковский и Троицкий АО",Щербинка,55.5038442,37.5353479,34.0,23.0,,,8.0,,,,,,200000000.0,2000.0,66.0,49.0,71.57,53.94,16.84,,4210.17,0.05,47504.0,42642.0
"Новомосковский и Троицкий АО",Вороновское,55.3227162,37.1520478,44.0,44.0,,,3.0,2.0,,,1.0,,700000.0,146670.0,28.0,43.0,501.54,502.91,34.2,22.86,79.79,16.76,8773.0,8749.0
"Новомосковский и Троицкий АО",Киевский,55.7430872,37.5645364,13.0,15.0,,,,,,,,,600000.0,,4.0,12.0,94.75,123.32,,,43.73,,13720.0,12163.0
"Новомосковский и Троицкий АО",Клёновское,55.3230862,37.3355604,30.0,19.0,1.0,1.0,1.0,2.0,,,,,32471875.0,,13.0,21.0,903.34,578.03,30.11,60.85,9777.74,,3321.0,3287.0
"Новомосковский и Троицкий АО",Краснопахорское,55.4217186,37.248161,18.0,24.0,1.0,1.0,1.0,4.0,,4.0,,,8657081.0,,14.0,28.0,375.86,505.58,20.88,84.26,1807.7,,4789.0,4747.0
"Новомосковский и Троицкий АО",Михайлово-Ярцевское,55.3972032,37.1114188,18.0,24.0,,3.0,1.0,2.0,,,,,70000.0,,7.0,13.0,342.34,458.63,19.02,38.22,13.31,,5258.0,5233.0
"Новомосковский и Троицкий АО",Новофёдоровское,55.4646295,36.9422312,26.0,28.0,,,1.0,1.0,,,,,,,21.0,36.0,387.94,421.18,14.92,15.04,,,6702.0,6648.0
"Новомосковский и Троицкий АО",Первомайское,55.5369522,37.1569458,32.0,32.0,2.0,1.0,2.0,4.0,,,,,100070.0,1131290.0,20.0,25.0,390.39,392.45,24.4,49.06,12.21,138.74,8197.0,8154.0
"Новомосковский и Троицкий АО",Роговское,55.2081951,37.0505893,15.0,14.0,,,,2.0,,,,,249500.0,,10.0,11.0,513.87,483.43,,69.06,85.47,,2919.0,2896.0
"Новомосковский и Троицкий АО",Троицк,55.4796889,37.2610194,26.0,30.0,,1.0,1.0,3.0,3.0,,,29.0,1202194.0,1040000.0,38.0,33.0,42.76,56.05,1.64,5.61,19.77,19.43,60811.0,53519.0
"Новомосковский и Троицкий АО",Щаповское,55.417754,37.4027031,21.0,18.0,,,,,,,,,3660960.0,,22.0,21.0,261.45,225.23,,,455.8,,8032.0,7992.0
